{
  "accuracy": 0.8014888337468983,
  "macro_precision": 0.622084815561823,
  "macro_sensitivity": 0.6639748857638766,
  "macro_specificity": 0.9568494039740417,
  "macro_f1": 0.624564534075156,
  "macro_fnr": 0.3360251142361234,
  "macro_fpr": 0.04315059602595836,
  "macro_npv": 0.9550202773623327,
  "mcc": 0.7194678910594584
}