{
  "accuracy": 0.8072787427626137,
  "macro_precision": 0.6466740163042799,
  "macro_sensitivity": 0.7139105778876659,
  "macro_specificity": 0.958396217127058,
  "macro_f1": 0.6581403751907362,
  "macro_fnr": 0.2860894221123342,
  "macro_fpr": 0.04160378287294204,
  "macro_npv": 0.9559786344799145,
  "mcc": 0.727935229115529
}